country,hydeyear
Algeria,1966
Angola,1958
Benin,2003
Botswana,1971
Burkina Faso,1996
Burundi,1979
Cameroon,1976
Cape Verde,2000
Central African Republic,1960
Chad,1958
Comoros,1952
"Congo, Democratic Republic",1951
Congo Republic,1974
Djibouti,1958
Egypt,1872
Equatorial Guinea,1910
Eritrea,1960
Ethiopia,1960
Gabon,1961
Ghana,1901
Guinea,1956
Guinea-Bissau,1979
Cote d'Ivoire,1988
Kenya,1969
Lesotho,1936
Liberia,1962
Libya,1890
Madagascar,1952
Malawi,1945
Mali,1964
Mauritius,1846
Mauritania,1972
Morocco,1960
Mozambique,1930
Namibia,1970
Niger,1960
Nigeria,1963
Rwanda,1970
Saint Helena,1871
Sao Tome and Principe,1901
Senegal,1948
Seychelles,1931
Sierra Leone,1956
Somalia,1975
South Africa,1834
Sudan,1937
Swaziland,1938
Tanzania,1921
The Gambia,1945
Togo,1970
Tunisia,1956
Uganda,1969
Zambia,1956
Zimbabwe,1969
South Sudan,1937
