"country","type","km","min","km.h","link","speed","type.num"
"Nigeria","Hard
 surface",345,287,"72.12543554","https://www.viamichelin.com/web/Routes?departure=jos%2C%20Nigeria&departureId=31NTFib2JxMTBjT1M0NU1UTTFPQT09Y09DNDRPRGt4TkE9PQ==&arrival=Lelai%2C%20Nigeria&arrivalId=31NTF3MWc3MTBjTVRFdU56RTNOekU9Y01URXVNRE01T0RNPQ==&index=0&vehicle=0&type=2&distance=km&currency=EUR&highway=false&toll=false&vignette=false&orc=false&crossing=true&caravan=false&car=hatchback&fuel=petrol&fuelCost=1.36&allowance=0&corridor=&departureDate=&arrivalDate=",72.1254355400697,6
"Nigeria","Improved",101,115,"52.69565217","https://www.viamichelin.com/web/Routes?departure=Kela&departureId=31NTF2eWJtMTBjTnk0eE5qazJNdz09Y09TNHlPRFEwTmc9PQ==&arrival=Wukari&arrivalId=31NTF2eWI1MTBjTnk0NE56RTNNdz09Y09TNDNOelU0Tmc9PQ==&index=0&vehicle=0&type=2&distance=km&currency=EUR&highway=false&toll=false&vignette=false&orc=false&crossing=true&caravan=false&car=hatchback&fuel=petrol&fuelCost=1.36&allowance=0&corridor=&departureDate=&arrivalDate=",52.695652173913,5
"Nigeria","Earth
 road",11,22,"30","https://www.viamichelin.com/web/Routes?departure=Egwe&departureId=31NTF3a2N5MTBjTnk0d01EZ3hOZz09Y09DNDJPVEl4TVE9PQ==&arrival=Gbeagh&arrivalId=31NTF3a2QxMTBjTnk0d01URTFOZz09Y09DNDFPVFkxTmc9PQ==&index=0&vehicle=0&type=2&distance=km&currency=EUR&highway=false&toll=false&vignette=false&orc=false&crossing=true&caravan=false&car=hatchback&fuel=petrol&fuelCost=1.36&allowance=0&corridor=&departureDate=&arrivalDate=",30,3
"Nigeria","Partially
 improved",143,213,"40.28169014","https://www.viamichelin.com/web/Routes?departure=Bauchi&arrival=Pankshin&index=0&vehicle=0&type=2&distance=km&currency=EUR&highway=false&toll=false&vignette=false&orc=false&crossing=true&caravan=false&car=hatchback&fuel=petrol&fuelCost=1.36&allowance=0&corridor=&departureDate=&arrivalDate=",40.2816901408451,4
"Nigeria","Other",18,50,"21.6","https://www.viamichelin.com/web/Routes?departure=Eguare-Egoro&departureId=31NTF2eWR1MTBjTmk0M05UVXpOUT09Y05pNHdOVEl5Tmc9PQ==&arrival=Uhomora&arrivalId=31NTF2dWZ5MTBjTmk0NE56TTFNZz09Y05TNDVORE0wTmc9PQ==&index=0&vehicle=0&type=2&distance=km&currency=EUR&highway=false&toll=false&vignette=false&orc=false&crossing=true&caravan=false&car=hatchback&fuel=petrol&fuelCost=1.36&allowance=0&corridor=&departureDate=&arrivalDate=",21.6,2
"Mali","Hard
 surface",233,186,"75.16129032","https://www.viamichelin.com/web/Routes?departure=Segou%2C%20Mali&arrival=Bamako%2C%20Mali&index=0&vehicle=0&type=2&distance=km&currency=EUR&highway=false&toll=false&vignette=false&orc=false&crossing=true&caravan=false&car=hatchback&fuel=petrol&fuelCost=1.36&allowance=0&corridor=&departureDate=&arrivalDate=",75.1612903225806,6
"Mali","red half-dashed",93,137,"40.72992701","https://www.viamichelin.com/web/Routes?departure=Gao&departureId=3aMTk1MXNhdnYxMGNNVFl1TWpnek9Uaz1jTFRBdU1EUXpPRFk9&arrival=Bourem&arrivalId=31NTF2N2pzMTBjTVRZdU9UVTVOUT09Y0xUQXVNelV5TmpFPQ==&index=0&vehicle=0&type=2&distance=km&currency=EUR&highway=false&toll=false&vignette=false&orc=false&crossing=true&caravan=false&car=hatchback&fuel=petrol&fuelCost=1.36&allowance=0&corridor=&departureDate=&arrivalDate=",40.7299270072993,NA
"Mali","Improved",272,235,"69.44680851","https://www.viamichelin.com/web/Routes?departure=Dyoumara%2C%20Mali&arrival=Bamako%2C%20Mali&arrivalId=31NTFzYjVoMTBjTVRJdU5qVXlNVE09Y0xUY3VPVGd4TkRZPQ==&index=0&vehicle=0&type=2&distance=km&currency=EUR&highway=false&toll=false&vignette=false&orc=false&crossing=true&caravan=false&car=hatchback&fuel=petrol&fuelCost=1.36&allowance=0&corridor=&departureDate=&arrivalDate=",69.4468085106383,5
"Mali","Earth
 road",154,239,"38.66108787","https://www.viamichelin.com/web/Routes?departure=Kolokani%2C%20Mali&departureId=31NTF2N3ZpMTBjTVRNdU5UY3lNelE9Y0xUZ3VNRE16T1RrPQ==&arrival=Koulikoro&arrivalId=3aMTk1MXNhdnkxMGNNVEl1T0RZeU16Yz1jTFRjdU5UVTFPRFU9&index=0&vehicle=0&type=2&distance=km&currency=EUR&highway=false&toll=false&vignette=false&orc=false&crossing=true&caravan=false&car=hatchback&fuel=petrol&fuelCost=1.36&allowance=0&corridor=&departureDate=&arrivalDate=",38.6610878661088,3
"Mali","Partially
 improved",128,131,"58.6259542","https://www.viamichelin.com/web/Routes?departure=Segou%2C%20Mali&arrival=Massina%2C%20Mali&index=0&vehicle=0&type=2&distance=km&currency=EUR&highway=false&toll=false&vignette=false&orc=false&crossing=true&caravan=false&car=hatchback&fuel=petrol&fuelCost=1.36&allowance=0&corridor=&departureDate=&arrivalDate=",58.6259541984733,4
"Mali","Other",243,466,"31.28755365","https://www.viamichelin.com/web/Routes?departure=Nara&departureId=31NTF2NmE0MTBjTVRNdU9UVXpOelU9Y0xUVXVOVEk0TmprPQ==&arrival=Akor%2C%20Mali&arrivalId=31NTF2N2lyMTBjTVRRdU9EY3lOekU9Y0xUWXVPVGd3TmpZPQ==&index=0&vehicle=0&type=2&distance=km&currency=EUR&highway=false&toll=false&vignette=false&orc=false&crossing=true&caravan=false&car=hatchback&fuel=petrol&fuelCost=1.36&allowance=0&corridor=&departureDate=&arrivalDate=",31.2875536480687,2
"Uganda","Hard
 surface",117,133,"52.78195489","https://www.viamichelin.com/web/Routes?departure=Kampala%2C%20Uganda&arrival=Iganga%2C%20Uganda&index=0&vehicle=0&type=2&distance=km&currency=EUR&highway=false&toll=false&vignette=false&orc=false&crossing=true&caravan=false&car=hatchback&fuel=petrol&fuelCost=1.36&allowance=0&corridor=&departureDate=&arrivalDate=",52.781954887218,6
"Uganda","Improved",49,56,"52.5","https://www.viamichelin.com/web/Routes?departure=Jinja%2C%20Uganda&arrival=Kayunga%2C%20Uganda&index=0&vehicle=0&type=2&distance=km&currency=EUR&highway=false&toll=false&vignette=false&orc=false&crossing=true&caravan=false&car=hatchback&fuel=petrol&fuelCost=1.36&allowance=0&corridor=&departureDate=&arrivalDate=",52.5,5
"Uganda","Earth
 road",20,36,"33.33333333","https://www.viamichelin.com/web/Routes?departure=Kitgum&departureId=31NTF2bGNjMTBjTXk0eU9UWTJOZz09Y016SXVPRGd5T1RRPQ==&arrival=Kitgum%20Matidi%2C%20Uganda&index=0&vehicle=0&type=2&distance=km&currency=EUR&highway=false&toll=false&vignette=false&orc=false&crossing=true&caravan=false&car=hatchback&fuel=petrol&fuelCost=1.36&allowance=0&corridor=&departureDate=&arrivalDate=",33.3333333333333,3
"Uganda","Other",48,116,"24.82758621","https://www.viamichelin.com/web/Routes?departure=Kayunga&departureId=3aMTk1MWJiYXYxMGNNQzQzTURBd01RPT1jTXpJdU9UQXlOelk9&arrival=Lugazi%2C%20Uganda&arrivalId=31NTF2bHdnMTBjTUM0ek5qazBOZz09Y016SXVPVFF3TWpZPQ==&index=0&vehicle=0&type=2&distance=km&currency=EUR&highway=false&toll=false&vignette=false&orc=false&crossing=true&caravan=false&car=hatchback&fuel=petrol&fuelCost=1.36&allowance=0&corridor=&departureDate=&arrivalDate=",24.8275862068966,2
"Zimbabwe","Hard
 surface",214,180,"71.33333333","https://www.viamichelin.com/web/Routes?departure=harare%2C%20zimbabwe&arrival=kwegkwe%2C%20zimbabwe&index=0&vehicle=0&type=2&distance=km&currency=EUR&highway=false&toll=false&vignette=false&orc=false&crossing=true&caravan=false&car=hatchback&fuel=petrol&fuelCost=1.36&allowance=0&corridor=&departureDate=&arrivalDate=",71.3333333333333,6
"Zimbabwe","Improved",197,282,"41.91489362","https://www.viamichelin.com/web/Routes?departure=Masvingo&departureId=31NTEyeDBqMTBjTFRJd0xqQTJNVFUwY016QXVPREUxTkRZPQ==&arrival=Nyanyadzi&index=0&vehicle=0&type=2&distance=km&currency=EUR&highway=false&toll=false&vignette=false&orc=false&crossing=true&caravan=false&car=hatchback&fuel=petrol&fuelCost=1.36&allowance=0&corridor=&departureDate=&arrivalDate=",41.9148936170213,5
"Zimbabwe","Earth
 road",150,297,"30.3030303","https://www.viamichelin.com/web/Routes?departure=Rutenga%2C%20Zimbabwe&departureId=31NTF4YmpxMTBjTFRJeExqSTBNRFl6Y016QXVOek13TmpRPQ==&arrival=Sango%2C%20Zimbabwe&index=0&vehicle=0&type=2&distance=km&currency=EUR&highway=false&toll=false&vignette=false&orc=false&crossing=true&caravan=false&car=hatchback&fuel=petrol&fuelCost=1.36&allowance=0&corridor=&departureDate=&arrivalDate=",30.3030303030303,3
"Zimbabwe","Partially
 improved",69,83,"49.87951807","https://www.viamichelin.com/web/Routes?departure=Bindura%2C%20Zimbabwe&departureId=31NTEyeDdhMTBjTFRFM0xqTXdOall4Y016RXVNek14TmpNPQ==&arrival=Mount%20Darwin%2C%20Zimbabwe&index=0&vehicle=0&type=2&distance=km&currency=EUR&highway=false&toll=false&vignette=false&orc=false&crossing=true&caravan=false&car=hatchback&fuel=petrol&fuelCost=1.36&allowance=0&corridor=&departureDate=&arrivalDate=",49.8795180722892,4
"Zimbabwe","Other",159,377,"25.30503979","https://www.viamichelin.com/web/Routes?departure=Mutawatawa%2C%20Zimbabwe&departureId=31NTF4Y3Y0MTBjTFRFM0xqRXhORGM1Y016RXVPVGMxTlE9PQ==&arrival=Mount%20Darwin%2C%20Zimbabwe&arrivalId=31NTF4Y3ZwMTBjTFRFMkxqYzNOak0zY016RXVOVGMyTmprPQ==&index=2&vehicle=0&type=2&distance=km&currency=EUR&highway=false&toll=false&vignette=false&orc=false&crossing=true&caravan=false&car=hatchback&fuel=petrol&fuelCost=1.36&allowance=0&corridor=&departureDate=&arrivalDate=",25.3050397877984,2
"Angola","Hard
 surface",386,271,"85.46125461","https://www.viamichelin.com/web/Routes?departure=Ondjiva&departureId=31NTFiYzBzMTBjTFRFM0xqQTJOell4Y01UVXVOekkwTmpjPQ==&arrival=Lubango&arrivalId=31NTFiZHBjMTBjTFRFMExqa3hNelF4Y01UTXVOVEF6TWpZPQ==&index=0&vehicle=0&type=2&distance=km&currency=EUR&highway=false&toll=false&vignette=false&orc=false&crossing=true&caravan=false&car=hatchback&fuel=petrol&fuelCost=1.36&allowance=0&corridor=&departureDate=&arrivalDate=",85.4612546125461,6
"Angola","Improved",128,146,"52.60273973","https://www.viamichelin.com/web/Routes?departure=Menongue&arrival=Caiundo&index=0&vehicle=0&type=2&distance=km&currency=EUR&highway=false&toll=false&vignette=false&orc=false&crossing=true&caravan=false&car=hatchback&fuel=petrol&fuelCost=1.36&allowance=0&corridor=&departureDate=&arrivalDate=",52.6027397260274,5
"Angola","Earth
 road",256,415,"37.01204819","https://www.viamichelin.com/web/Routes?departure=Ondjiva&arrival=Caiundo&arrivalId=31NTFxdzcxMTBjTFRFMUxqWTVOemMwY01UY3VORFl4TlRVPQ==&index=0&vehicle=0&type=2&distance=km&currency=EUR&highway=false&toll=false&vignette=false&orc=false&crossing=true&caravan=false&car=hatchback&fuel=petrol&fuelCost=1.36&allowance=0&corridor=&departureDate=&arrivalDate=",37.0120481927711,3
"Mozambique","Hard
 surface",119,78,"91.53846154","https://www.viamichelin.com/web/Routes?departure=Mandoga&departureId=31NTF2ZzQ3MTBjTFRFNUxqY3pNalE0Y016UXVPREkyT1RNPQ==&arrival=Inchope&index=0&vehicle=0&type=2&distance=km&currency=EUR&highway=false&toll=false&vignette=false&orc=false&crossing=true&caravan=false&car=hatchback&fuel=petrol&fuelCost=1.36&allowance=0&corridor=&departureDate=&arrivalDate=",91.5384615384615,6
"Mozambique","Improved",399,453,"52.84768212","https://www.viamichelin.com/web/Routes?departure=Nampula&departureId=31NTEyeG9xMTBjTFRFMUxqRXhOemMwY016a3VNalkwT1RrPQ==&arrival=Mocuba&arrivalId=31NTF2Ymt0MTBjTFRFMkxqZzBNRFV6Y016WXVPVGcxTWpRPQ==&index=0&vehicle=0&type=2&distance=km&currency=EUR&highway=false&toll=false&vignette=false&orc=false&crossing=true&caravan=false&car=hatchback&fuel=petrol&fuelCost=1.36&allowance=0&corridor=&departureDate=&arrivalDate=",52.8476821192053,5
"Mozambique","Earth
 road",149,391,"22.86445013","https://www.viamichelin.com/web/Routes?departure=Nampula&departureId=31NTEyeG9xMTBjTFRFMUxqRXhOemMwY016a3VNalkwT1RrPQ==&arrival=Lapala&arrivalId=31NTF2ZWg2MTBjTFRFMUxqQXhNelF5Y016Z3VNREUxT0RrPQ==&index=0&vehicle=0&type=2&distance=km&currency=EUR&highway=false&toll=false&vignette=false&orc=false&crossing=true&caravan=false&car=hatchback&fuel=petrol&fuelCost=1.36&allowance=0&corridor=&departureDate=&arrivalDate=",22.8644501278772,3
"Mozambique","Partially
 improved",316,418,"45.35885167","https://www.viamichelin.com/web/Routes?departure=Lichinga&arrival=Marrupa&index=0&vehicle=0&type=2&distance=km&currency=EUR&highway=false&toll=false&vignette=false&orc=false&crossing=true&caravan=false&car=hatchback&fuel=petrol&fuelCost=1.36&allowance=0&corridor=&departureDate=&arrivalDate=",45.3588516746411,4
"Mozambique","Other",60,138,"26.08695652","https://www.viamichelin.com/web/Routes?departure=Namuno&arrival=Montepuez&index=0&vehicle=0&type=2&distance=km&currency=EUR&highway=false&toll=false&vignette=false&orc=false&crossing=true&caravan=false&car=hatchback&fuel=petrol&fuelCost=1.36&allowance=0&corridor=&departureDate=&arrivalDate=",26.0869565217391,2
"Senegal","Hard
 surface",108,79,"82.02531646","https://www.viamichelin.com/web/Routes?departure=Kaolack&departureId=3aMTk1MXNhdG4xMGNNVFF1TVRNNE9ERT1jTFRFMkxqQTNORGsw&arrival=Mbour&arrivalId=31NTF3cnl4MTBjTVRRdU5ERTFNalE9Y0xURTJMamsyTkRVMA==&index=0&vehicle=0&type=2&distance=km&currency=EUR&highway=false&toll=false&vignette=false&orc=false&crossing=true&caravan=false&car=hatchback&fuel=petrol&fuelCost=1.36&allowance=0&corridor=&departureDate=&arrivalDate=",82.0253164556962,6
"Senegal","Improved",72,63,"68.57142857","https://www.viamichelin.com/web/Routes?departure=Goudiry&departureId=31NTF3cnhqMTBjTVRRdU1UZ3pNREU9Y0xURXlMamN4TmpFMg==&arrival=Kidira&arrivalId=31NTF3czV4MTBjTVRRdU5EVTNORGM9Y0xURXlMakl4TmprNA==&index=0&vehicle=0&type=2&distance=km&currency=EUR&highway=false&toll=false&vignette=false&orc=false&crossing=true&caravan=false&car=hatchback&fuel=petrol&fuelCost=1.36&allowance=0&corridor=&departureDate=&arrivalDate=",68.5714285714286,5
"DRC","Hard
 surface",176,145,"72.82758621","https://www.viamichelin.com/web/Routes?departure=Kananga&departureId=31NTF0N2NrMTBjTFRVdU9EazBNalk9Y01qSXVOREEzTURRPQ==&arrival=Mbuji-Mayi&arrivalId=31NTF0N2NsMTBjTFRZdU1URTVPRGc9Y01qTXVOVGt4TlRVPQ==&index=0&vehicle=0&type=2&distance=km&currency=EUR&highway=false&toll=false&vignette=false&orc=false&crossing=true&caravan=false&car=hatchback&fuel=petrol&fuelCost=1.36&allowance=0&corridor=&departureDate=&arrivalDate=",72.8275862068966,6
"DRC","Improved",83,90,"55.33333333","https://www.viamichelin.com/web/Routes?departure=Kimponzi&departureId=31NTF0ZXJ3MTBjTFRRdU16SXlOVEk9Y01UZ3VNalV4TkRVPQ==&arrival=Bagata&arrivalId=31NTF0N2c0MTBjTFRNdU56STNPVGM9Y01UY3VPVFV4T1RFPQ==&index=0&vehicle=0&type=2&distance=km&currency=EUR&highway=false&toll=false&vignette=false&orc=false&crossing=true&caravan=false&car=hatchback&fuel=petrol&fuelCost=1.36&allowance=0&corridor=&departureDate=&arrivalDate=",55.3333333333333,5
"DRC","Earth
 road",79,156,"30.38461538","https://www.viamichelin.com/web/Routes?departure=Tshimbulu&arrival=Bena-Malenga&arrivalId=31NTF0a3p0MTBjTFRZdU56a3dOVFk9Y01qTXVNak0wTkRjPQ==&index=0&vehicle=0&type=1&distance=km&currency=EUR&highway=false&toll=false&vignette=false&orc=false&crossing=true&caravan=false&car=hatchback&fuel=petrol&fuelCost=1.36&allowance=0&corridor=&departureDate=&arrivalDate=",30.3846153846154,3
"Tanzania","Hard
 surface",260,189,"82.53968254","https://www.viamichelin.com/web/Routes?departure=Ilula&departureId=31NTF2bnNwMTBjTFRjdU5qazNPRFE9Y016WXVNREUzTlRFPQ==&arrival=Morogoro&arrivalId=31NTFjNXVlMTBjTFRZdU9ESTRPREk9Y016Y3VOalkzTnpVPQ==&index=0&vehicle=0&type=2&distance=km&currency=EUR&highway=false&toll=false&vignette=false&orc=false&crossing=true&caravan=false&car=hatchback&fuel=petrol&fuelCost=1.36&allowance=0&corridor=&departureDate=&arrivalDate=",82.5396825396825,6
"Tanzania","Improved",262,306,"51.37254902","https://www.viamichelin.com/web/Routes?departure=Dodoma&departureId=31NTFjNXVqMTBjTFRZdU1UZ3hNekU9Y016VXVOelE0TURVPQ==&arrival=Morogoro&arrivalId=31NTFjNXVlMTBjTFRZdU9ESTRPREk9Y016Y3VOalkzTnpVPQ==&index=0&vehicle=0&type=2&distance=km&currency=EUR&highway=false&toll=false&vignette=false&orc=false&crossing=true&caravan=false&car=hatchback&fuel=petrol&fuelCost=1.36&allowance=0&corridor=&departureDate=&arrivalDate=",51.3725490196078,5
"Tanzania","Earth
 road",259,548,"28.35766423","https://www.viamichelin.com/web/Routes?departure=Dodoma&departureId=31NTFjNXVqMTBjTFRZdU1UZ3hNekU9Y016VXVOelE0TURVPQ==&arrival=Iringa&arrivalId=31NTFjNXVsMTBjTFRjdU56Z3dOVGc9Y016VXVOamsyTVRrPQ==&index=0&vehicle=0&type=2&distance=km&currency=EUR&highway=false&toll=false&vignette=false&orc=false&crossing=true&caravan=false&car=hatchback&fuel=petrol&fuelCost=1.36&allowance=0&corridor=&departureDate=&arrivalDate=",28.3576642335766,3
"Tanzania","Partially
 improved",15,24,"37.5","https://www.viamichelin.com/web/Routes?departure=Musoma&departureId=31NTFjNncwMTBjTFRFdU5EazVORFk9Y016TXVPREEyTWprPQ==&arrival=Nyakanga&arrivalId=31NTF2bmMxMTBjTFRFdU5UZzNNalE9Y016TXVPRGs0T0RrPQ==&index=0&vehicle=0&type=2&distance=km&currency=EUR&highway=false&toll=false&vignette=false&orc=false&crossing=true&caravan=false&car=hatchback&fuel=petrol&fuelCost=1.36&allowance=0&corridor=&departureDate=&arrivalDate=",37.5,4
"Tanzania","Other",257,574,"26.8641115","https://www.viamichelin.com/web/Routes?departure=Dodoma&departureId=31NTFjNXVqMTBjTFRZdU1UZ3hNekU9Y016VXVOelE0TURVPQ==&arrival=Babati&arrivalId=31NTFjNnc3MTBjTFRRdU1qRTFORE09Y016VXVOelE0TlE9PQ==&index=0&vehicle=0&type=2&distance=km&currency=EUR&highway=false&toll=false&vignette=false&orc=false&crossing=true&caravan=false&car=hatchback&fuel=petrol&fuelCost=1.36&allowance=0&corridor=&departureDate=&arrivalDate=",26.8641114982578,2
"South Africa","Hard
 surface",163,148,"66.08108108","https://www.viamichelin.com/web/Routes?departure=Kimberley&departureId=31NTEzMzd6MTBjTFRJNExqY3pPREkyY01qUXVOelkxTkE9PQ==&arrival=Bloemfontein&arrivalId=31NTEzNDZ2MTBjTFRJNUxqRXhPREE0Y01qWXVNakl6TXpFPQ==&index=1&vehicle=0&type=2&distance=km&currency=EUR&highway=false&toll=false&vignette=false&orc=false&crossing=true&caravan=false&car=hatchback&fuel=petrol&fuelCost=1.36&allowance=0&corridor=&departureDate=&arrivalDate=",66.0810810810811,6
"South Africa","Improved",161,176,"54.88636364","https://www.viamichelin.com/web/Routes?departure=Thabong%209463&departureId=31NTFzeHoyMTBjTFRJM0xqazJORGt4Y01qWXVOems0TVRjPQ==&arrival=Bloemfontein&arrivalId=31NTEzNDZ2MTBjTFRJNUxqRXhPREE0Y01qWXVNakl6TXpFPQ==&index=0&vehicle=0&type=2&distance=km&currency=EUR&highway=false&toll=false&vignette=false&orc=false&crossing=true&caravan=false&car=hatchback&fuel=petrol&fuelCost=1.36&allowance=0&corridor=&departureDate=&arrivalDate=",54.8863636363636,5
"South Africa","Earth
 road",159,309,"30.87378641","https://www.viamichelin.com/web/Routes?departure=Calvinia&departureId=31NTF0MXE5MTBjTFRNeExqUTNOVEU9Y01Ua3VOemN6TWpZPQ==&arrival=Sutherland%206920&arrivalId=31NTFzdzc0MTBjTFRNeUxqTTVOell6Y01qQXVOall3TWpRPQ==&index=0&vehicle=0&type=2&distance=km&currency=EUR&highway=false&toll=false&vignette=false&orc=false&crossing=true&caravan=false&car=hatchback&fuel=petrol&fuelCost=1.36&allowance=0&corridor=&departureDate=&arrivalDate=",30.873786407767,3
"South Africa","Other",115,216,"31.94444444","https://www.viamichelin.com/web/Routes?departure=Prieska&departureId=31NTF0MXB5MTBjTFRJNUxqWTJOamt4Y01qSXVOelE1TkE9PQ==&arrival=Griquatown%208365&arrivalId=31NTFzdzR2MTBjTFRJNExqZzBOemN5Y01qTXVNalE1TnpJPQ==&index=2&vehicle=0&type=2&distance=km&currency=EUR&highway=false&toll=false&vignette=false&orc=false&crossing=true&caravan=false&car=hatchback&fuel=petrol&fuelCost=1.36&allowance=0&corridor=&departureDate=&arrivalDate=",31.9444444444444,2
"Niger","Hard
 surface",890,581,"91.91049914","https://www.viamichelin.com/web/Routes?departure=Niamey&arrival=Zinder&index=0&vehicle=0&type=2&distance=km&currency=EUR&highway=false&toll=false&vignette=false&orc=false&crossing=true&caravan=false&car=hatchback&fuel=petrol&fuelCost=1.36&allowance=0&corridor=&departureDate=&arrivalDate=",91.9104991394148,6
"Niger","Improved",405,291,"83.50515464","https://www.viamichelin.com/web/Routes?departure=Tahoua&arrival=Agadez&index=0&vehicle=0&type=2&distance=km&currency=EUR&highway=false&toll=false&vignette=false&orc=false&crossing=true&caravan=false&car=hatchback&fuel=petrol&fuelCost=1.36&allowance=0&corridor=&departureDate=&arrivalDate=",83.5051546391753,5
"Burkina Faso","Hard
 surface",219,136,"96.61764706","https://www.viamichelin.com/web/Routes?departure=Ouagadougou&departureId=31NTFzYjVkMTBjTVRJdU16Y3hPUT09Y0xURXVOVEl3TURJPQ==&arrival=Fada%20N%27Gourma&index=0&vehicle=0&type=2&distance=km&currency=EUR&highway=false&toll=false&vignette=false&orc=false&crossing=true&caravan=false&car=hatchback&fuel=petrol&fuelCost=1.36&allowance=0&corridor=&departureDate=&arrivalDate=",96.6176470588235,6
"Burkina Faso","Improved",169,305,"33.24590164","https://www.viamichelin.com/web/Routes?departure=Kaya&departureId=31NTFzYms3MTBjTVRNdU1EZzRNemc9Y0xURXVNRGcxTXpjPQ==&arrival=Dori&arrivalId=31NTFzYmptMTBjTVRRdU1ETXlPRFE9Y0xUQXVNRE0xT0RJPQ==&index=0&vehicle=0&type=2&distance=km&currency=EUR&highway=false&toll=false&vignette=false&orc=false&crossing=true&caravan=false&car=hatchback&fuel=petrol&fuelCost=1.36&allowance=0&corridor=&departureDate=&arrivalDate=",33.2459016393443,5
"Burkina Faso","Earth
 road",191,331,"34.6223565","https://www.viamichelin.com/web/Routes?departure=Djibo&arrival=Dori&index=0&vehicle=0&type=2&distance=km&currency=EUR&highway=false&toll=false&vignette=false&orc=false&crossing=true&caravan=false&car=hatchback&fuel=petrol&fuelCost=1.36&allowance=0&corridor=&departureDate=&arrivalDate=",34.6223564954683,3
"Burkina Faso","Other",67,137,"29.34306569","https://www.viamichelin.com/web/Routes?departure=Bati%C3%A9&departureId=31NTFzYm12MTBjT1M0NE9EQTVPQT09Y0xUSXVPVEl3TWpZPQ==&arrival=Gaoua&arrivalId=31NTFzYm1xMTBjTVRBdU16STRNekk9Y0xUTXVNVGd3TVRNPQ==&index=0&vehicle=0&type=2&distance=km&currency=EUR&highway=false&toll=false&vignette=false&orc=false&crossing=true&caravan=false&car=hatchback&fuel=petrol&fuelCost=1.36&allowance=0&corridor=&departureDate=&arrivalDate=",29.3430656934307,2
"South Africa","Highway",63,72,"52.5","https://www.viamichelin.com/web/Routes?departure=Pietermaritzburg%203201&departureId=31NTEzMmg1MTBjTFRJNUxqWXdNekF6Y016QXVNemM1TnpVPQ==&arrival=Mooi%20River&index=0&vehicle=0&type=2&distance=km&currency=EUR&highway=false&toll=false&vignette=false&orc=false&crossing=true&caravan=false&car=hatchback&fuel=petrol&fuelCost=1.36&allowance=0&corridor=&departureDate=&arrivalDate=",52.5,7
"South Africa","Highway",168,115,"87.65217391","https://www.viamichelin.com/web/Routes?departure=Zenzeleni%209890&departureId=31NTFzeHg1MTBjTFRJM0xqZ3pPRFU9Y01qZ3VPVGMyTnpRPQ==&arrival=Heidelberg&arrivalId=31NTF0MXJtMTBjTFRJMkxqVXdNVFl6Y01qZ3VNelU1TVRZPQ==&index=0&vehicle=0&type=2&distance=km&currency=EUR&highway=false&toll=false&vignette=false&orc=false&crossing=true&caravan=false&car=hatchback&fuel=petrol&fuelCost=1.36&allowance=0&corridor=&departureDate=&arrivalDate=",87.6521739130435,7
"South Africa","Highway",258,250,"61.92","https://www.viamichelin.com/web/Routes?departure=Pretoria&arrival=Polokwane%200699&index=0&vehicle=0&type=2&distance=km&currency=EUR&highway=false&toll=false&vignette=false&orc=false&crossing=true&caravan=false&car=hatchback&fuel=petrol&fuelCost=1.36&allowance=0&corridor=&departureDate=&arrivalDate=",61.92,7
"Algeria","Highway",288,313,"55.20766773","https://www.viamichelin.com/web/Routes?departure=Yellel%2C%20Algeria&arrival=Birtouta&index=0&vehicle=0&type=2&distance=km&currency=EUR&highway=false&toll=false&vignette=false&orc=false&crossing=true&caravan=false&car=hatchback&fuel=petrol&fuelCost=1.36&allowance=0&corridor=&departureDate=&arrivalDate=",55.2076677316294,7
"Tunisia","Highway",111,80,"83.25","https://www.viamichelin.com/web/Routes?departure=Ben%20Arous&departureId=3aMTE1MXFqa3oxMGNNell1TnpReU5qWT1jTVRBdU1qSTVOUT09&arrival=Sidi%20Bou%20Ali&arrivalId=31NTFxbDBzMTBjTXpVdU9UVTFNalU9Y01UQXVORGN4TlE9PQ==&index=0&vehicle=0&type=2&distance=km&currency=EUR&highway=false&toll=false&vignette=false&orc=false&crossing=true&caravan=false&car=hatchback&fuel=petrol&fuelCost=1.36&allowance=0&corridor=&departureDate=&arrivalDate=",83.25,7
"Egypt","Highway",135,154,"52.5974026","https://www.viamichelin.com/web/Routes?departure=Masaken%20El%20Tbin%20El%20Shabeya&departureId=31NTF1ZzN5MTBjTWprdU56ZzJOalk9Y016RXVNekF4TXpNPQ==&arrival=Gebet%20El%20Bous%20and%20Dair%20Odeib&index=0&vehicle=0&type=2&distance=km&currency=EUR&highway=false&toll=false&vignette=false&orc=false&crossing=true&caravan=false&car=hatchback&fuel=petrol&fuelCost=1.36&allowance=0&corridor=&departureDate=&arrivalDate=",52.5974025974026,7
"Tunisia","Highway",63,49,"77.14285714","https://www.viamichelin.com/web/Routes?departure=L%27Ariana&departureId=31NTFxa3lwMTBjTXpZdU9EVTRPVE09Y01UQXVNVGsyTXc9PQ==&arrival=Bizerte&arrivalId=31NHpzdnIxMGNNemN1TWpjeU56Zz1jT1M0NE56SXdOZz09&index=0&vehicle=0&type=1&distance=km&currency=EUR&highway=false&toll=false&vignette=false&orc=false&crossing=true&caravan=false&car=hatchback&fuel=petrol&fuelCost=1.36&allowance=0&corridor=&departureDate=&arrivalDate=",77.1428571428571,7
