"group","change_start","change_end","perpetrator_type","perpetrator_id","description","pop_est","countries","countries_event","ambiguity","ambiguity_reason"
"albanian [l2]",1910,NA,"1","340","In 1910, the Serbian authorities deported 120,000 Albanians from Kosovo to Turkey.",120000,"340; 640","340",NA,NA
"albanian [l2]",1912,1913,"1","340","The Albanian population in Serbia was decimated by 25,000 Albanians due to the massacres carried out by Serbians during the First Balkan War (1912-1913).",25000,"340","340",NA,NA
"albanian [l2]",1926,1938,"1","345","Between 1926 and 1938, approximately 400'000 Albanians were resettled from Kosovo to Turkey following migration agreements between Yugoslavia and Turkey.",4e+05,"345; 640","345",NA,NA
"albanian [l2]",1944,1945,"1","350","Between 1944 and 1945, Greece expelled the entire Cham Albanian population of around 28,000 people to Albania, accusing them of collaboration with the Nazis.",28000,"350","350",NA,NA
"albanian [l2]",1953,1966,"1","345","Between 1953 and 1966, Yugoslavia forcibly resettled around 400,000 Albanians from Kosovo to Turkey.",4e+05,"345; 640","345",NA,NA
"albanian [l2]",1998,1999,"1","345","Between 1998 and 1999, the Serbian military and police expelled over 850,000 Albanians from Kosovo to Albania, Macedonia, Montenegro and Bosnia and Herzegovina.",850000,"345; 343; 346","345",NA,NA
"arabic [l5]",1947,1949,"2,1","NA, 666","From 1947 to 1949, the Israeli independence movement expelled between 600,000 and 700,000 Palestinian Arabs from present-day Israel to Gaza, the West Bank, Lebanon, Syria and Jordan.",6e+05,"665; 666","665; 666",NA,NA
"aramaic [l4]",1991,NA,"1","645","During and after the Gulf War (1991), around 250,000 Assyrians fled into the mountains after a failed rebellion and persecution by the Iraqi Government.",250000,"645","645",NA,NA
"aramaic [l4]",1914,1918,"1","640","Between 1914-1918, the Ottomans persecuted around 750,000 Arameans for supporting Turkey's enemies in WW1. Many were killed and a large number of survivors fled to Syria.",750000,"640","640",NA,NA
"aramaic [l4]",1933,NA,"1","645","In 1933, 3,000 Assyrians were massacred by the Iraqi government.",3000,"645","645",NA,NA
"aramaic [l4]",1988,NA,"1","645","In 1988, Assyrians were victims of the Iraqi government's Anfal campaign during which around 2,000 Assyrians were killed.",2000,"645","645",NA,NA
"armenian [l2]",1915,1923,"1","640","The Young Turk goverment killed 1.5 million Armenians in the Armenian Genocide.",1500000,"640; 365","640",NA,NA
"armenian [l2]",1988,1994,"2,1","NA, 373","Between 1988 and 1994, Azeri forces displaced 492,000 Armenians during the Nagorno-Karabakh war.",492000,"365; 373","365; 373",NA,NA
"armenian [l2]",2020,NA,"1","373","A significant number of Armenians had to flee after the re-escalation of the Nagorno-Karabakh conflict in 2020 after Azerbaijan recaputred parts of the region.",-88,"373","373",NA,NA
"aromanian [org]",1923,1926,"1","350","Between 1923 and 1926, around 12,000 Aromanians fled Greece to escape the Greek government's hostile policies.",12000,"350","350",NA,NA
"aromanian [org]",1940,NA,"1","355","The Treaty of Craiova and the resulting popultation exchange in 1940 led to a forced resettlement of 108,000 Romanians and Aromanians from Southern Dobruja in Bulgaria to Northern Dobruja in Romania and a forced resettlement of 65,000 Bulgarians to Bulgaria.",108000,"355; 360","355",NA,NA
"avar [l4]",1965,1975,"1","365","From the early 1960s to the mid-1970s the Soviet government forced the Avars to resettle from Dagestan and Azerbaijan to the lowland plains.",-88,"365","365",NA,NA
"azerbaijani [l4]",1944,NA,"1","365","In 1944, the Soviet Government forcibly resettled 24,304 Azerbaijanis from the Adjar ASSR, Akhaltsikhe, Akhalkalaki, Adigen, Aspindzi and Bogdan districts of the Georgian SSR to the Kazakh, Kyrgyz and Uzbek SSR.",24304,"365","365",NA,NA
"balkar [dial]",1944,NA,"1","365","After Stalin's accusation of treason, the Red Army deported 46,000 Balkars to uninhabited lands in Central Asia.",46000,"365","365",NA,NA
"bashkort [org]",1919,1924,"1","365","The Bashkort lost about a third of their pre-World War I population in the suppression of their republic, the civil war and the imposition of Soviet rule. This decline in the Bashkort population was exacerbated by a crop failure and famine in 1920 and 1921.",930000,"365","365",NA,NA
"belarusan [org]",1930,1939,"1","365","During the Stalinist repressions in the 1930s, around 300,000 Belarusians were killed and one million Belarusians were exiled to Siberia and Central Asia.",1300000,"365","365",NA,NA
"belarusan [org]",1940,1953,"1","365","Between 1940 and 1953, the Soviet Union deported around 61,000 Belarusians from Belarus to the East of the USSR.",61000,"365","365",NA,NA
"belarusan [org]",1945,NA,"1","290","Following the Soviet-Polish agreement that determined the border in 1945, about 400,000 Poles resettled to Poland from Belarus and around 36,700 Belarusians moved to the Soviet side.",36700,"290; 365","290",NA,NA
"belarusan [org]",1952,NA,"1","365","6,000 Belarusian kulaks were forced to migrate from Western Belarus to the Kazakh SSR in 1952.",6000,"365","365",NA,NA
"bosnian [org]",1992,1995,"2,3","NA, 345","In the Bosnian War between 1992 and 1995, Bosnian Serbs and the Yugoslav Army carried out an ethnic cleansing campagin against Bosniaks in Bosnia-Herzegovina. At least 64,000 Bosniaks lost their lives in the genocide in Srebrenica (1995) and the siege of Sarajevo. Approximately 1,200,000 fled the region.",1264000,"345; 346","345; 346",NA,NA
"bulgarian [org]",1913,NA,"1","640","In 1913, around 200,000 Bulgarians were expelled or killed by Turkish forces from Turkey-occupied Thrace following the Balkan Wars.",2e+05,"640","640",NA,NA
"bulgarian [org]",1913,NA,"1","350","In 1913, about 15,000 Bulgarians fled Eastern Macedonia, which became part of Greece in 1913 as the Bulgarian Army retreated from the area.",15000,"350","350",NA,NA
"bulgarian [org]",1913,1917,"1","640","In 1913, Bulgaria and Turkey conducted a population exchange that took four years to implement, and involved the exchange of 46,764 Bulgarians and 48,570 Turks.",46764,"640","640",NA,NA
"bulgarian [org]",1918,NA,"1,1,1","350, 340, 345","The Treaty of Bucharest that was signed by Serbia, Bulgaria and Greece in 1918 coordinated a population exchange of minorities between the three territories to increase their ethnic homogeneity.",-88,"350; 345; 340","350; 345; 340",1,"Exact start and end-date of population transfers unclear"
"bulgarian [org]",1924,1932,"1","355","In 1919, Greece and Bulgaria signed the Treaty of Neuilly, which stipulated another population exchange of Greeks and Bulgarians between the two countries. Most of the population exchange took place between 1924 in 1932. In total, Greece resettled an estimated 92,000 Bulgarians to Bulgaria.",92000,"355","355",NA,NA
"bulgarian [org]",1940,NA,"1","360","In 1940, Bulgaria annexed Dobrudja and vacated the Romanians, Serbs and Greeks living in the area, and resettled 125,000 Bulgarians in the vacated territories. Part of this resettlement was carried out through a population exchange agreement between Romania and Bulgaria, which involved between 61,000 and 65,000 Bulgarians from northern Dobrudja and around 100,000 Romanians from southern Dobrudja.",125000,"360","360",NA,NA
"chechen [org]",1944,NA,"1","365","Stalin ordered the deportation of the entire Chechen population (40,800 people) to Kazakhstan in 1944.",408000,"365","365",NA,NA
"croatian [org]",1945,NA,"1","345","Around 100,000 Croats were killed by Serbian forces on their way through Yugoslavia. Many Croats fled Yugoslavia after Tito's victory in 1945.",1e+05,"345","345",NA,NA
"croatian [org]",1939,1948,"1","345","Between 1939 and 1948, more than 157'000 Croats fled the war in Croatia and migrated to Italy.",157000,"345","345",NA,NA
"croatian [org]",1992,1994,"2,1","NA, 345","Between 1992 and 1994, the Serbian Army of Krajina, supported by the Yugoslav People's Army, conducted an ethnic cleansing campaign against Croats in Croatia and Bosnia-Herzegovina. Around 335,000 ethnic Croats fled Krajina and around 350,000 ethnic Croats fled from Bosnia and Herzegovina.",685000,"345; 340; 344","345; 340; 344",NA,NA
"czech [org]",1939,NA,"1","255","In 1939, the Germans deported 400,000 Czechs from the border regions into the interior of the Czech Republic.",4e+05,"255; 315","255",NA,NA
"dargwa [org]",1944,NA,"1","365","In 1944, the Soviet government resettled more than 10,000 Dargarians from the Akushin, Sergokala, Levashi, Dakhadaev and Kaytag districts to the Shuragat district.",10000,"365","365",NA,NA
"estonian, standard [org]",1937,1939,"1","365","As a result of Stalin's ""Great Purge"" from 1937-1938, the number of Estonians in Soviet Russia declined by 12,000 from 1930 to 1939.",12000,"365","365",1,NA
"estonian, standard [org]",1941,NA,"1","365","The Soviet army deported 10,000 ethnic Estonians from Estonia to concentration camps in Siberia in 1941.",10000,"365","365",NA,NA
"estonian, standard [org]",1945,NA,"1","365","The Soviet army deported 21,000 ethnic Estonians from Estonia to concentration camps in Siberia in 1945.",21000,"365","365",NA,NA
"estonian, standard [org]",1949,NA,"1","365","In 1949, the Soviets deported 20,000 ethnic Estonians to Siberia.",20000,"365","365",NA,NA
"farsi, western [org]",1975,1985,"1","645","Throughout the 1970s and 1980s, families of Iranian descent that had settled in Iraqi cities such as Karbala, Najaf, Baghdad, Basra and Khanaquin several generations earlier were expelled by the Ba'ath Party. The number of Persian Iraqis deported to Iran is estimated to be between 100,000 and 200,000.",1e+05,"645","645",1,"Exact dates unclear"
"finnish [org]",1918,NA,"1","375","In 1918, around 8,000 Red Finns escaped the Civil War in Finland and settled in Soviet Russia, mainly in the Petrograd area and Soviet Karelia.",8000,"365; 375","365; 375",NA,NA
"finnish [org]",1941,NA,"1","365","In 1941, the Soviet Union deported 89,000 Finns from the Leningrad Oblast to the Krasnoyarsk Kray, the Novosibirsk Oblast, the Omsk Oblast, Kazakhstan and Altay Kray.",89000,"365","365",NA,NA
"finnish [org]",1942,NA,"1","365","In 1942, the Soviet Union resettled 9,000 Finns from the Leningrad Oblast to the Irkutsk Oblast, Krasnoyarsk Kray and Yakutsk ASSR.",9000,"365","365",NA,NA
"finnish [org]",1944,NA,"1","365","In 1944, following a defeat against the Soviet Union, 420,000 Finns were forced to migrate from Karelia to Finland.",420000,"365","365",NA,NA
"french [org]",1956,1966,"1","616","Tunisia gained independence from France in 1956. The new Tunisian government forced most of the French to leave the country, leading to a decline of the French population declined from 180,000 to around 16,000 in the decade following independence.",164000,"616","616",NA,NA
"french [org]",1962,NA,"1","615","Algeria gained independence from France in 1962 and around 750,000 French were forced to leave Algeria.",750000,"615","615",NA,NA
"german [l5]",1941,1942,"1","365","Between 1941 and 1942 the Soviet government focibly resettled around 1.2 million Russian Germans to Kazakhstan and other parts of Russia .",1200000,"365","365",NA,NA
"german [l5]",1944,1950,"1, 1, 1, 1","365, 290, 345, 360","From 1944-1950, a total of 8,834,600 Germans were expelled from the USSR (169,500), Prussia (1,984,400), Danzig (290,000), Pomerania (1,646,600), Oder-Neisse-line (430,000), Silesia (3,228,600) and the General Government territory (688,000). 253,000 Germans were expelled from Romania and 397,500 from Yugoslavia (100,000 to the USSR and 297,500 to Germany).",8834600,"290; 365; 360; 345","290; 365; 360; 345",NA,NA
"german [l5]",1945,1946,"1","315","From 1944 to 1946, Czechoslovakia expelled 3,000,400 ethnic Germans.",3000400,"315","315",NA,NA
"german [l5]",1946,1948,"1","310","From 1946 to 1948, Hungary expelled 213,000 Hungarian Germans and deported them to Germany.",213000,"310","310",NA,NA
"greek [l2]",1914,1923,"1","640","Between 1914 and 1923, the Turkish began to persecute and deport Pontic Greeks, which eventually led to the deportation of an estimated 1 Million Greeks.",1e+06,"640","640",NA,NA
"greek [l2]",1918,NA,"1,1,1","355; 345; 340","The Treaty of Bucharest that was signed by Serbia, Bulgaria and Greece in 1918 coordinated a population exchange of minorities between the three territories to increase their ethnic homogeneity.",-88,"355; 345; 340","355; 345; 340",1,"Exact start and end-date of population transfers unclear"
"greek [l2]",1923,NA,"1","640","In 1923, following the Treaty of Lausanne, Greece and Turkey exchanged populations whereby 1,221,000 Greeks were resettled to Greece from Turkey.",1221000,"640","640",NA,NA
"greek [l2]",1924,1932,"1","355","Between 1924 and 1932, Bulgaria and Greece exchanged populations following the Treaty of Neuilly 1919. Bulgaria resettled 40,000 Greeks to Greece.",40000,"355","355",NA,NA
"greek [l2]",1937,1939,"1","365","Between 1937 and 1939, 20,000 Pontic Greeks in the Soviet Union fled to Greece in response to increased repression by the Soviet government. 11,260 Pontic Greeks were deported to Gulags.",31260,"365","365",NA,NA
"greek [l2]",1940,NA,"1","355","In 1940, Bulgaria expelled 100,000 Greeks to Greece after Bulgaria incorporated Dobrudja, eastern Macedonia and western Thrace which formerly belonged to Greece.",1e+05,"355","355",NA,NA
"greek [l2]",1942,NA,"1","365","In 1942, the Soviet Union expelled 1,402 Greeks from the Krasnodar Kray to Siberia.",1402,"365","365",NA,NA
"greek [l2]",1944,NA,"1","365","In 1944, the Soviet Union deported 39,715 Greeks from Krasnodar Kray, Rostov Oblast, Crimea and Caucasus to Kazakhstan and Uzbekistan.",39715,"365","365",NA,NA
"greek [l2]",1948,1949,"1","365","From 1948 to 1949, the Soviet Union forcibly resettled around 42,195 Greeks from the Black Sea Area region to Kazakhstan.",42195,"365","365",NA,NA
"greek [l2]",1913,1914,"1","355","Between 1913 and 1914, Bulgaria expelled around 40,000 Greeks from Bulgarian Thrace to Greece.",40000,"355","355",NA,NA
"hungarian [org]",1945,1948,"1","315","Following WW2 in 1945, Hungary and Czechoslovakia conducted a population exchange. Around 89,660 Hungarians were resettled to Hungary.",89660,"315","315",NA,NA
"hungarian [org]",1947,NA,"1","360","Hungarians fled Romania from 1947 onward due to Romanianization policies, but a significant share of Hungarians has remained in Romania until today.",-88,"360","360",1,"May not be forced displacement but mostly migration in response to repression / assimilation policies"
"ingrian [org]",1928,NA,"1","365","Soviet forces deported 18,000 Ingrians from Northern Ingria to East Karelia in 1928.",18000,"365","365",NA,NA
"ingrian [org]",1935,NA,"1","365","Between 1935 and 1937, the Soviets deported 27,000 Ingrians to the Ural, the Caspian Sea, as well as Siberia and Central Asia.",7000,"365","365",NA,NA
"ingrian [org]",1939,1944,"1","365","In the Winter War and during WW2 Soviet forces killed and deported 13,000 Ingrians to Central Asia. The return of the Red Army in 1944 caused thousands of Ingrians to flee to Finland, while many of those that were unable to escape were deported to labor camps (around 20'000).",33000,"375; 365","365",NA,NA
"ingrian [org]",1947,1955,"1","365","Between 1947 and 1955, 71,000 Ingrians were forcibly resettled from Finland to the Soviet Union and Soviet Estonia by the Soviets authorities.",71000,"365","365",NA,NA
"ingush [org]",1944,NA,"1","365","In 1944, the Soviet Union deported the entire Ingush population of around 91,000 people to Kazakhstan and Kyrgyzstan.",91000,"365","365",NA,NA
"italian [org]",1939,NA,"1","345","In 1939, Italy and Yugslavia agreed on a population exchange, whereby around 96 families were resettled to Italy.",384,"345","345",NA,NA
"italian [org]",1943,1945,"1","345","In 1943, Yugoslavia occupied most of Istria. Around 10,000 Italians were killed and around 250,000 fled Tito's repressesion from 1945 onwards.",260000,"345","345",NA,NA
"italian [org]",1970,NA,"1","620","In 1969, after Muammar Gadaffi gained power in Libya, the remaining 200,000 Italians in Libya were expelled.",2e+05,"620","620",NA,NA
"jewish",1915,1917,"1","365","During WW1, the Russian army forced around 750,000 Jews to resettle within the Russian tsarist empire to move them away from the frontline of WW1. This also ended the formal restrictions on Jewish settlement (Pale of Settlement).",750000,"365","365",NA,NA
"jewish",1930,1945,"1, 3","255; 255","From 1930 to 1945, Jews across Europe experienced increasing violent antisemitism, which culminated in the Holocaust that killed around 6,000,000 Jews.",6e+06,"255; 290; 310; 315; 350; 355; 360; 365","255; 290; 310; 315; 350; 355; 360; 365",NA,NA
"jewish",1947,NA,"1","652","In 1947, 6,000 Jews left Syria as persecution by the Syrian government targeted at Jews started.",6000,"652; 666","652",NA,NA
"jewish",1949,1951,"1","645","From 1949 to 1951, the Israeli government evacuated 100,000 Jews from Iraq as Zionism became a capital crime in Iraq.",1e+05,"645; 666","645",NA,NA
"kalmyk-oirat [org]",1943,NA,"1","365","In 1943, the Soviet Union deported 100,000 Kalmyks to Siberia.",1e+05,"365","365",NA,NA
"karachay [dial]",1905,NA,"1","365","In 1905, another migration wave occured, in which around 4,000 Karachay fled to Turkey as a result of Russian repression.",4000,"365; 640","365",NA,NA
"karachay [dial]",1943,NA,"1","365","In 1943, 75,000 Karachay were deported to Kazakhstan and Uzbekistan upon Stalin's order.",75000,"365","365",NA,NA
"karelian [org]",1939,1944,"1,3","365, 375","During the Winter War and WW2, the Soviet Union forcibly resettled around 403,000 Karelians to Finland with Finnish support.",403000,"365; 375","365",NA,NA
"kazakh [org]",1931,1934,"1","365","The Kazakh famine of 1931-1934, caused by Soviet mismanagement, led to the death of around a million ethnic Kazakh.",1e+06,"365","365",1,"There remains some uncertainty whether this famine was part of an ethnic cleansing campaign or not."
"khvarshi [org]",1944,NA,"1","365","The Soviet Union deported 1,000 Khvarshi to Ritlyab in Dagestan and Vedeno in Chechnya in 1944.",1000,"365","365",NA,NA
"kurdish [l6]",1925,1938,"1","640","Following Turkey's ban of the Kurdish language in 1925 and several failed rebellions, around 200,000 Kurds were killed by the Turkish government and 1.5 million Kurds were displaced by the end of Kurdish rebellions in 1938. Most of the displaced were resettled within Turkey, an estimated 25,000 Kurds fled to Syria.",170000,"640; 652","640",NA,NA
"kurdish [l6]",1961,NA,"1","645","In 1961, 60,000 Kurds were killed in a failed rebellion against the Iraqi government.",60000,"645","645",NA,NA
"kurdish [l6]",1974,NA,"1","645","In 1974, 250,000 Kurds fled to Iran following another failed rebellion in Iraq.",250000,"645; 630","645",NA,NA
"kurdish [l6]",1980,1988,"1","645","During the Iraq-Iran war from 1980 to 1988,  the Iraqi government killed more than 180,000 Kurds in the Anfal genocide.",180000,"645","645",NA,NA
"kurdish [l6]",1984,1994,"1","640","From 1984 until 1994, the Turkish government forcibly resettled around two million Kurds within Turkey.",2e+06,"640","640",NA,NA
"lak [org]",1944,NA,"1","365","In 1944, 5,800 Laks were forcibly resettled by the Soviet government from the mountains to the lowlands in Chechnya.",5800,"365","365",NA,NA
"latvian, standard [org]",1941,NA,"1","365","The Soviet Union deported 15,000 Latvians to Siberia in 1941.",15000,"365","365",NA,NA
"latvian, standard [org]",1949,NA,"1","365","In March 1949, the Soviets deported 42,133 ethnic Latvians to Siberia.",42133,"365","365",NA,NA
"lithuanian [org]",1941,NA,"1","365","As part of Stalin's mass deportations of 1941, around 21'000 Lithuanians were deported to the interior of the Soviet Union.",21000,"365","365",NA,NA
"lithuanian [org]",1945,1952,"1","365","Between 1941 and 1952, the Soviet Union deported an estimated 140,000 Lithuanians to Siberian labor camps, while some were executed.",140000,"365","365",NA,NA
"mingrelian [org]",1992,1993,"2,3","NA, 365","In the Abkhazian war (1992-1993), Russian-backed separatists took control of Abkhazia. Around 250,000 Mingrelians were displaced from the region.",250000,"365; 372","365; 372",NA,NA
"moldovan [org]",1941,NA,"1","365","In June 1941, Soviet forces deported 50,994 Moldovans seen as anti-Soviet elements to Siberia.",50994,"365","365",NA,NA
"moldovan [org]",1949,NA,"1","365","In July 1949, soviet forces deported 35,050 Moldovans to Siberia and Kazakhstan.",35050,"365","365",NA,NA
"osetin [org]",1990,1992,"2, 1","NA, 372","Following the dissolution of the Soviet Union and Georgia's refusal of granting greater autonomy to South Ossetia a war took place that created thousands of refugees. Between 1990 and 1992, 100,000 Osetins from Georgia and 20,000 from South Ossetia fled to North Ossetia.",120000,"365; 372","365; 372",NA,NA
"polish [org]",1935,1940,"3, 1","365, 365","Although there are no official numbers, it is estimated that the Soviet Union deported around 250,000 Poles from the Marchlewski (also Marchlewszczyzna) and the Dzierzynski regions to Kazakhstan and Belarus.",250000,"290; 365","365",NA,NA
"polish [org]",1944,1946,"1","365","Poland lost its eastern border region Kresy to the western republics of the USSR, which was followed by a population transfer with Ukraine between 1944-1946 in which the USSR resettled 790,000 Poles from Ukraine to Poland, while Poland sent 483,000 Ukrainians to Ukraine. At around the same time, 400,000 Poles were forcibly resettled to Poland from Belarus and around 36,700 Belarusians moved to the Soviet side as part of another population exchange.",790000,"290; 365","365",NA,NA
"romani [l5]",1940,1945,"1,3","255, 255","In 1940, the Nazi regime started a systematic cleansing campaign of Roma that lasted until the end of WWII. Countries in which Romani were deported or killed include Germany, Nazi-occupied Poland, Serbia, Austria, Ukraine, Croatia, Romania, Hungary, Czechoslovakia, the Baltics and the Nazi-occupied parts of the Soviet Union and around 2 million Romani targeted.",2e+06,"255; 290; 345; 305; 360; 310; 315; 366; 368; 367; 365","255; 290; 345; 305; 360; 310; 315; 366; 368; 367; 365",NA,NA
"romanian [org]",1940,NA,"1","355","In 1940, Romania and Bulgaria engaged in a population exchange which involved the forced resettlement of 110,000 Romanians from Northern Dobruja in Bulgaria and 62,000 Bulgarians from Southern Dobruja in Romania under the Treaty of Craiova.",110000,"355","355",NA,NA
"rusyn [org]",1944,1946,"1","290","Between 1944 and 1946, the Polish communist government deported all Rusyns (482,000 people) from the Lemko region (which had been awarded to Poland after WWI) to Ukraine, as well as northern and western Poland.",482000,"290, 365","290",NA,NA
"serbian [org]",1991,1995,"2,1","NA, 344","During the Croatian War of Independence between 1991-1995, Croatia had a population of Serbs that constituted 12 per cent of the overall population. After the war, one-third of all Croatian Serbs (over 300,000) had either fled or been killed by the Croatian Army.",3e+05,"345; 344","345; 344",NA,NA
"slovak [org]",1945,1948,"1","310","Following WW2, Hungary and Czechoslovakia conducted a population exchange. Around 72,000 Slovaks were moved to Slovakia, 89,660 Hungarians were resettled to Hungary.",72000,"310","310",NA,NA
"tatar [org]",1944,NA,"1","365","Following Soviet reconquest in 1944, Stalin deported the entire Crimean Tatar population (191,044 people) to the Urals, Siberia and Central Asia.",191044,"365","365",NA,NA
"turkish [org]",1923,NA,"1","350","In 1923, Turkey and Greece agreed to exchange their minority populations after the collapse of the Ottoman empire and the Greco-Turkish war. More than 1 million Greek Orthodox were resettled to Greece, whereas Turkey received around 400,000 Muslims from Greece.",4e+05,"350","350",1,"The group referred to here as ""muslims"" likely also includes other minorities than Turks"
"turkish [org]",1963,1970,"2,1","NA, 352","During the Cyprus conflict from 1963 and 1970, around 20,000 to 25,000 Turkish Cypriots were internally displaced by Greek cypriot forces.",20000,"352","352",NA,NA
"turkish [org]",1912,1913,"1,1","350, 355","The Balkan Wars (1912-1913) resulted in 200,000 Turkish casualties, another 440,000 fled from Thrace and Macedonia.",640000,"350; 355","350; 355",NA,NA
"turkish [org]",1913,1917,"1","355","In 1913, the Ottoman Empire signed a population exchange agreement with Bulgaria that was implemented in the next four years. As a result, around 49,000 Turks were resettled from Bulgaria to Anatolia.",49000,"355","355",NA,NA
"turkish [org]",1950,NA,"1","355","In 1950, a quarter million ethnic Turks were expelled from Bulgaria and had to leave the country within three months.",250000,"355","355",NA,NA
"turkish [org]",1980,1989,"1","355","During the 1980s, 380,000 Turks in Bulgaria were either expelled or arrested under an aggressive assimilation campaign led by Bulgarian dictator Todor Zhivkov.",380000,"355","355",NA,NA
"turkmen [org]",1994,1996,"1","645","Between 1994 and 1996, the Iraqi government forced thousands of ethnic Turkmen to relocate from large cities, in particular Kirkuk, to the southern part of Iraq or the Kurdish autonomous region in the north,",-88,"645","645",NA,NA
"udmurt [org]",1920,1922,"1","365","After the provincial Soviet government occupied the land given to the Udmurt farmers in 1918, the Udmurts revolted against the Soviet rule. Thousands of Udmurts lost their lives in the revolt, civil war, famine and disease between 1920 and 1922 and thousands more fled to escape the famine.",-88,"365","365",NA,NA
"ukrainian [org]",1930,1933,"1","365","The Ukrainian population in Kazakhstan declined by approximately 36% (300,000 people) due to the Kazakh famine of 1930–1933 and to a lesser extent emigration.",3e+05,"365","365",1,"Not entirely clear whether or not this was part of a deliberate ethnic cleansing campaign"
"ukrainian [org]",1932,1933,"1","365","Between the fall of 1932 and the summer of 1933, over 4 million people, most of whom were Ukrainians, died in the Ukrainian Famine. The famine is widely considered to be part of an intentional ethnic cleansing campaign conducted by Stalin's regime.",4e+06,"365","365",NA,NA
"ukrainian [org]",1941,NA,"1","365","In 1941, the Soviet government deported 3.5 million Ukrainian citizens along with skilled Jewish workers and professionals to the Ural mountains and to the Soviet Central Asia as the Germans advanced on Soviet Ukraine.",3500000,"365","365",NA,NA
"ukrainian [org]",1944,1952,"1","365","Between 1944 and 1952, the Soviet Union deported 200,000 Ukrainians to Siberia and other locations in the far north.",2e+05,"365","365",NA,NA
"ukrainian [org]",1945,1946,"1","290","Between 1945 and 1946, Poland forcibly resettled half a million Polish Ukrainians to Ukraine as part of a population exchange.",5e+05,"290; 365","290",NA,NA
"vod [org]",1943,NA,"1","365","In 1943, Vods were taken by Finland as refugees. Following the ceasefire with Finland, Russia claimed all Vods. First, they tried to get them to return by promising them their native land and later, threatened them to bring them back forcefully. Some Vods escaped to Sweden and Estonia, while the rest was dispersed throughout the Soviet provinces.",-88,"375; 365","365",NA,NA
