﻿ccode,group,numcode,file_name,auto_match_org,auto_match_alt,auto_match_dial,auto_match_prev,match,religion,comment,source
200,ENGLISH,,,English [org]|English [L4],,,,English [org],,,
200,SCOTS,,,Scots [org],,,,Scots [org],,,
200,asians,,,,,,,,,Non-European,
200,irish,,,,"Gaelic, Irish [org]",,,"Gaelic, Irish [org]",,,
200,afro-caribbeans,,,,,,,,,Non-European,
200,Welsh,,,Welsh [org],,,,Welsh [org],,,
200,catholics in n. ireland,,,,,,,"English [org] | Gaelic, Irish [org] | Ulster [dial]","christian, catholic",,
205,IRISH,,,,"Gaelic, Irish [org]",,,"Gaelic, Irish [org]",,,
205,ANGLICAN,,,,,,,,,,
210,DUTCH,,,Dutch [org],,Dutch [dial],,Dutch [org],,,
210,Muslims,,,,,,,,muslim,,
211,FLEMMING,,,,,,,Vlaams [org],,,
211,WALLOON,,,Walloon [org],Walloon [org],,,Walloon [org],,,
211,Italians,,,Italian [org],Italian [org],,,Italian [org],,,
211,Moroccans,,,,,,,Arabic [L5],,,
220,FRENCH,,,French [org]|French [L10],,,,French [org],,,
220,MUSLIM,,,,,,,,muslim,,
220,bretons,,,Breton [org],,,,Breton [org],,,
225,GERMAN,,,German [L5],,,,German [L5],,,
225,FRENCH,,,French [org]|French [L10],,,,French [org],,,
225,Italians,,,Italian [org],Italian [org],,,Italian [org],,,
225,Yugoslavs,,,,,,,Serbian [org] | Croatian [org] | Albanian [L2] | Bosnian [org] | Macedonian [org] | Slovene [org],,,
225,Spanish,,,Spanish [org],,,,Spanish [org],,,
225,Portuguese,,,Portuguese [org],Portuguese [org],,,Portuguese [org],,,
225,Turks,,,,,,,Turkish [org],,,
225,Asians,,,,,,,,,Non-European,
225,Romansch,,,Romansch [org],Romansch [org],,,Romansch [org],,,
230,CASTILLAN SPEAKERS,,,Castilian [L9],Spanish [org],Castilian [dial],,,,,
230,CATALAN,,,,Catalan-Valencian-Balear [org],,,Catalan-Valencian-Balear [org],,,
230,Galician,,,Galician [org],,,,Galician [org],,,
230,basques,,,Basque [org]|Basque [L1],,,,Basque [L1],,,
230,roma,,,,,,,romani [l5],,,
235,PORTUGUESE,,,Portuguese [org],Portuguese [org],,,Portuguese [org],,,
290,POLES,,,,,,,Polish [org],,,
290,GERMAN,,,German [L5],,,,German [L5],,,
305,AUSTRIANS,,,,,,,German [L5],,,
305,Former Yugoslavs,,,,,,,Serbian [org] | Croatian [org] | Albanian [L2] | Bosnian [org] | Macedonian [org] | Slovene [org],,,
305,Turks,,,,,,,Turkish [org],,,
305,CROATIANS,,,Croatian [org],,,,Croatian [org],,,
310,HUNGARIAN,,,Hungarian [org],,,,Hungarian [org],,,
310,GYPSY,,,,"Romani, Kalo Finnish [org]|Domari [org]|Romani, Vlax [org]",,,romani [l5],,,
310,German,,,German [L5],,,,German [L5],,,
310,Serb,,,,,,,Serbian [org],,,
316,CZECH,,,Czech [org],,,,Czech [org],,,
316,Moravian,,,,,,,Czecho-Moravian [dial],,,
316,SLOVAK,,,Slovak [org],,,,Slovak [org],,,
316,roma,,,,,,,romani [l5],,,
317,SLOVAKIA,,,,Slovak [org],,,Slovak [org],,,
317,HUNGARIAN,,,Hungarian [org],,,,Hungarian [org],,,
317,roma,,,,,,,romani [l5],,,
325,ITALIANS,,,Italian [org],Italian [org],,,Italian [org],,,
339,ALBANIAN,,,Albanian [L2],,,,Albanian [L2],,,
339,GREEKS,,,Greek [org]|Greek [L2],,,,Greek [L2],,,
343,MACEDONIAN,,,Macedonian [org],,,,Macedonian [org],,,
343,ALBANIAN,,,Albanian [L2],,,,Albanian [L2],,,
343,Turks,,,,,,,Turkish [org],,,
343,roma,,,,,,,romani [l5],,,
343,serbs,,,,,,,Serbian [org],,,
344,CROAT,,,,,,,Croatian [org],,,
344,SERB,,,,,,,Serbian [org],,,
345,SERBS,,,,,,,Serbian [org],,,
345,ALBANIAN,,,Albanian [L2],,,,Albanian [L2],,,
345,Montenegrin,,,,Serbian [org],,,Serbian [org],,,
345,roma,,,,,,,romani [l5],,,
345,hungarians,,,Hungarian [org],,,,Hungarian [org],,,
345,muslims,,,,,,,,muslim,,
345,Croats,,,,,,,Croatian [org],,,
346,MUSLIMS,,,,,,,,muslim,,
346,BOSNIAKS (SERBS),,,,,,,?,,,
346,croats,,,,,,,Croatian [org],,,
349,SLOVENES,,,Slovene [org],,,,Slovene [org],,,
349,CROAT,,,,,,,Croatian [org],,,
349,Serb,,,,,,,Serbian [org],,,
349,Bosniak,,,Bosnian [org],,,,Bosnian [org],,,
350,GREEKS,,,Greek [org]|Greek [L2],,,,Greek [L2],,,
350,roma,,,,,,,romani [l5],,,
350,muslims,,,,,,,,muslim,,
352,GREEKS,,,Greek [org]|Greek [L2],,,,Greek [L2],,,
352,TURKS,,,,,,,Turkish [org],,,
355,BULGARIAN,,,Bulgarian [org],,,,Bulgarian [org],,,
355,TURKISH,,,Turkish [org]|Turkish [L4],,,,Turkish [org],,,
355,roma,,,,,,,romani [l5],,,
355,Pomaks,,,,,,,Bulgarian [org],,,
359,MOLDOVAN,,,,,,,Moldovan [org],,,
359,slavs,,,,,,,,,,
359,gagauz,,,Gagauz [org],Gagauz [org],,,Gagauz [org],,,
359,Bulgarians,,,Bulgarian [org],,,,Bulgarian [org],,,
359,Jews,,,,,,,,jewish,,
360,ROMANIAN,,,Aromanian [org]|Romanian [org],Romanian [org],,,Romanian [org],,,
360,HUNGARIAN,,,Hungarian [org],,,,Hungarian [org],,,
360,roma,,,,,,,romani [l5],,,
360,germans,,,German [L5],,,,German [L5],,,
365,RUSSIAN,,,Prussian [org]|Russian [org],,,,Russian [org],,,
365,TATAR,,,Tatar [org],Tatar [org],,,Tatar [org],,,
365,Ukrainian,,,Ukrainian [org],,,,Ukrainian [org],,,
365,lezgins,,,,Lezgi [org],,,Lezgi [org],,,
365,Chuvash,,,Chuvash [org],,,,Chuvash [org],,,
366,ESTONIAN,,,,,,,"Estonian, Standard [org]",,,
366,RUSSIAN,,,Prussian [org]|Russian [org],,,,Russian [org],,,
366,Ukrainian,,,Ukrainian [org],,,,Ukrainian [org],,,
366,Byelorussian,,,,Belarusan [org],,,Belarusan [org],,,
366,Finn,,,,,,,Finnish [org],,,
367,LATVIAN,,,,,,,"Latvian, Standard [org]",,,
367,RUSSIAN,,,Prussian [org]|Russian [org],,,,Russian [org],,,
367,Byelorussian,,,,Belarusan [org],,,Belarusan [org],,,
367,Ukrainian,,,Ukrainian [org],,,,Ukrainian [org],,,
367,Polish,,,Polish [org],,Polish [dial],,Polish [org],,,
368,LITHUANIAN,,,Lithuanian [org],,,,Lithuanian [org],,,
368,RUSSIAN,,,Prussian [org]|Russian [org],,,,Russian [org],,,
368,poles,,,,,,,Polish [org],,,
368,Byelorussian,,,,Belarusan [org],,,Belarusan [org],,,
369,UKRAINIAN,,,Ukrainian [org],,,,Ukrainian [org],,,
369,RUSSIAN,,,Prussian [org]|Russian [org],,,,Russian [org],,,
369,Jews,,,,,,,,jewish,,
370,BYELORUSSIAN,,,,Belarusan [org],,,Belarusan [org],,,
370,RUSSIAN,,,Prussian [org]|Russian [org],,,,Russian [org],,,
370,poles,,,,,,,Polish [org],,,
370,Ukrainian,,,Ukrainian [org],,,,Ukrainian [org],,,
371,ARMENIANS,,,Armenian [org]|Armenian [L2],,,,Armenian [L2],,,
371,AZERI,,,,,,,Azerbaijani [L4],,,
371,Russians,,,Russian [org],,,,Russian [org],,,
372,GEORGIAN,,,Georgian [org]|Georgian [L2],,,,Georgian [org],,,
372,ARMENIAN,,,Armenian [org]|Armenian [L2],,,,Armenian [L2],,,
372,russians,,,Russian [org],,,,Russian [org],,,
372,adzhars,,,,,Adzhar [dial],,,,,
372,Azeri,,,,,,,Azerbaijani [L4],,,
372,ossetians (south),,,South [L3]|South [L4]|South [L5],Osetin [org],,,Osetin [org],,,
372,abkhazians,,,,,,,Abkhaz [org],,,
373,AZERI,,,,,,,Azerbaijani [L4],,,
373,Dagestani,,,,,,,,,,
373,RUSSIAN,,,Prussian [org]|Russian [org],,,,Russian [org],,,
373,armenians,,,Armenian [org]|Armenian [L2],,,,Armenian [L2],,,
375,FINNS,,,,,,,Finnish [org],,,
375,SWEDES,,,,,,,Swedish [org],,,
380,SWEDES,,,,,,,Swedish [org],,,
380,FINNISH,,,Finnish [org],,,,Finnish [org],,,
385,NORWEGIAN,,,Norwegian [org],,,,Norwegian [org],,,
390,DANES,,,,,,,Danish [l7],,,
390,Asians,,,,,,,,,Non-European,
600,ARABS,,,,"Arabic, Judeo-Iraqi [org]",,,Arabic [L5],,,
600,BERBERS,,,Berber [L2],Aimaq [org],,,Berber [l2],,,
615,ARAB,,,,,,,Arabic [L5],,,
615,BERBERS,,,Berber [L2],Aimaq [org],,,Berber [l2],,,
616,ARABS,,,,"Arabic, Judeo-Iraqi [org]",,,Arabic [L5],,,
616,BERBER,,,Berber [L2],Aimaq [org],,,Berber [l2],,,
620,ARABS,,,,"Arabic, Judeo-Iraqi [org]",,,Arabic [L5],,,
620,BERBERS,,,Berber [L2],Aimaq [org],,,Berber [l2],,,
630,PERSIAN,,,Permian [L2]|Persian [L6],"Farsi, Eastern [org]|Farsi, Western [org]",,,"Farsi, Western [org]",,,
630,AZERBAIJANI,,,Azerbaijani [L4],"Azerbaijani, North [org]",,,Azerbaijani [L4],,,
630,Gilaki / Mazandarani,,,Gilaki [org]|Mazanderani [org],Gilaki [org]|Mazanderani [org]|Mazanderani [org],Mazanderani [dial],,Gilaki [org] | Mazanderani [org],,,
630,kurds,,,,"Kurdish, Central [org]|Kurdish, Northern [org]",,,Kurdish [L6],,,
630,arabs,,,,"Arabic, Judeo-Iraqi [org]",,,Arabic [L5],,,
630,Lur,,,,"Luri, Southern [org]",,,Luri [L6],,,
630,turkmen,,,Turkmen [org],,,,Turkmen [org],,,
630,baluchis,,,,,,,Balochi [l6],,,
630,bakhtiari,,,Bakhti^ari [org],,,,Bakhti^ari [org],,,
640,TURKISH,,,Turkish [org]|Turkish [L4],,,,Turkish [org],,,
640,KURDS,,,,"Kurdish, Central [org]|Kurdish, Northern [org]",,,Kurdish [L6],,,
640,Arab,,,,,,,Arabic [L5],,,
645,shi'is,,,,,,,Arabic [L5],"muslim, other",,
645,KURDS,,,,"Kurdish, Central [org]|Kurdish, Northern [org]",,,Kurdish [L6],,,
645,Sunni-Arab,,,,,,,Arabic [L5],muslim,,
645,Turkoman,,,,Turkmen [org],,,Turkmen [org],,,
651,EGYPTIAN,,,,,,,Arabic [L5],,,
651,Coptic Egyptian,,,,,,,Arabic [L5],"christian, coptic",,
652,Sunni-Arab,,,,,,,Arabic [L5],muslim,,
652,alawi,,,,Laki [org],,,Arabic [L5],,,
652,KURDS,,,,"Kurdish, Central [org]|Kurdish, Northern [org]",,,Kurdish [L6],,,
652,Christians,,,,,,,,christian,,
652,Druze,,,,,,,Arabic [L5],,,
660,shi'is,,,,,,,Arabic [L5],"muslim, other",,
660,MARONITE,,,,"Arabic, Cypriot Spoken [org]",,,Arabic [L5],christian,,
660,SUNNI MUSLIM,,,,,,,Arabic [L5],muslim,,
660,palestinians,,,,,,,Arabic [L5],,,
660,druze,,,,,,,Arabic [L5],,,
660,Armenian,,,Armenian [org]|Armenian [L2],,,,Armenian [L2],,,
663,PALESTINIAN,,,,,,,Arabic [L5],,,
663,TRANSJORDAN ARABS,,,,"Arabic, Judeo-Iraqi [org]",,,Arabic [L5],,,
663,Circassian,,,Circassian [L3],Adyghe [org],,,Circassian [L3],,,
663,armenian,,,Armenian [org]|Armenian [L2],,,,Armenian [L2],,,
666,JEWISH,,,,,,,,jewish,,
666,palestinians,,,,,,,Arabic [L5],,,
666,ARAB,,,,,,,Arabic [L5],,,
670,SUNNI ARABS,,,,"Arabic, Judeo-Iraqi [org]",,,Arabic [L5],muslim,,
670,Indians,,,,,,,,,Non-European,
670,Egyptians,,,,,,,Arabic [L5],,,
670,Pakistanis,,,,Takestani [org],,,,,Non-European,
670,shi'is,,,,,,,Arabic [L5],"muslim, other",,
670,Filipino,,,,,,,,,Non-European,
690,KUWAITI,,,,,,,Arabic [L5],,,
690,ASIAN,,,,,,,,,Non-European,
690,Other Arab,,,,,,,Arabic [L5],,,
690,Iranian,,,Iranian [L3],,,,"Farsi, Western [org]",,,
705,KAZAKH,,,Kazakh [org],Kazakh [org],Qazakh [dial]|Qarakh [dial],,Kazakh [org],,,
705,RUSSIAN,,,Prussian [org]|Russian [org],,,,Russian [org],,,
705,Ukrainian,,,Ukrainian [org],,,,Ukrainian [org],,,
705,germans,,,German [L5],,,,German [L5],,,
705,Uzbek,,,,"Uzbek, Southern [org]",,,"Uzbek, Northern [org] | Uzbek, Southern [org]",,,
705,Tartar,,,Tatar [org],Tatar [org],,,Tatar [org],,,
705,Uighur,,,,,,,,,Non-European,
