"file_id","map_id","file_name","library_id","year_data_end","title","author","scale","link_map_image"
"rum_rob","24","rum_rob_24",NA,1881,"Sprachenkarte, Religionskarte Schweiz","Andree, Richard","1:1,480,000","https://www.davidrumsey.com/luna/servlet/detail/RUMSEY~8~1~30790~1150721?qvq=w4s%3A%2Fwhat%2FReligious%3Bsort%3Apub_list_no_initialsort%2Cpub_date%2Cpub_list_no%2Cseries_no%3Blc%3ARUMSEY~8~1&mi=159&trs=351"
"brl_rob","57","brl_rob_57",NA,1938,"Völkerkarte der Sowjet-Union","Klante, M. (Reichsamt für Landesaufnahme)","1:5,000,000","0"
"loc_sim","7","loc_sim_7","loc",1940,"Die Völker des Donauraumes und der Balkanhalbinsel","Generalstab des Heeres, Abteilung für Kriegskarten u. Vermessungswesen","1:3,000,000","https://www.loc.gov/resource/g6801e.ct002088/?r=0.137,0.325,0.536,0.322,0"
"brl_rob","17","brl_rob_17",NA,1925,"Carte ethnographique de l'Empire Ottoman. Faute de données statistiques exactes, depuis la Guerre balkanique […].","Unknown (French author)","1:1,000,000","0"
"yun_rob","18","yun_rob_18",NA,1869,"V<9a>lker- und Sprachen-Karte von <85>sterreich und den Unter-Donau-L<8a>ndern","Kiepert, Heinrich von","1:3,000,000","https://brbl-dl.library.yale.edu/vufind/Record/4167475"
"rum_rob","37","rum_rob_37",NA,1863,"Tableau Ethnographique","Erckert, Roderich von","1:5,500,000","https://www.davidrumsey.com/luna/servlet/detail/RUMSEY~8~1~317020~90085890:Tableau-ethnographique?sort=pub_list_no_initialsort%2Cpub_date%2Cpub_list_no%2Cseries_no&qvq=q:%3DPoland%20AND%20pub_date%3D1840...1910%20;sort:pub_list_no_initialsort%2Cpub_date%2Cpub_list_no%2Cseries_no;lc:RUMSEY~8~1&mi=1&trs=1702#"
"uch_cam","10","uch_cam_10",NA,1877,"Deutsche & Romanen in Süd-Tirol & Venetien ","Petermann, August","1:740,000","http://luna.lib.uchicago.edu/luna/servlet/s/bekxhm"
"rum_rob","13","rum_rob_13",NA,1900,"Ethnographic map of Austria-Hungary","Andree, Richard","1:4,000,000","https://www.davidrumsey.com/luna/servlet/detail/RUMSEY~8~1~253784~5519218?qvq=w4s%3A%2Fwhat%2FEthnography%25253B%2BNationality%25253B%2BRace%3Bsort%3Apub_list_no_initialsort%2Cpub_date%2Cpub_list_no%2Cseries_no%3Blc%3ARUMSEY~8~1&mi=91&trs=113#"
"brl_rob","30","brl_rob_30",NA,1893,"Völker- und Sprachenkarte von Mitteleuropa","Karl Peucher","1:6,000,000","0"
"col_aya","9","col_aya_9",NA,2009,"The Levant: Ethnic Composition","Izady, M.",NA,"https://gulf2000.columbia.edu/images/maps/Levant_Ethnicity_summary_lg.png"
"brl_rob","22","brl_rob_22",NA,1855,"Ethnographische Karte der Östereichischen Monarchie","Czoernig, Karl Freiherr von","1:864,000","0"
"col_aya","1","col_aya_1",NA,2014,"Ethnolinguistic Groups in the Caucasus and Vicinity","Izady, M.",NA,"https://gulf2000.columbia.edu/images/maps/Caucasus_and_Vicinity_Ethno_Linguistic_Groups_lg.png"
"brl_rob","51","brl_rob_51",NA,1930,"Volksbodenkarte der Slowakei","Isbert, O.A.","1:750,000","0"
"dev_guy","1","dev_guy_1",NA,2017,"Languages of Europe","Unknown",NA,"https://www.deviantart.com/1blomma/art/Languages-Of-Europe-702296501"
"yun_rob","15","yun_rob_15",NA,1876,"Ethnographische <86>bersicht des Europ<8a>ischen Orients","Kiepert, Heinrich von","1:3,000,000","https://brbl-dl.library.yale.edu/vufind/Record/4163004"
"grg_guy","1","grg_guy_1",NA,1964,"Atlas Narodov Mira / Geo-referencing of Ethnic Groups","Bruk, S.I., Apenchenko, V.S. | Digitized by Weidmann et al. (2010)","1:5,000,000","https://icr.ethz.ch/data/greg/"
"col_aya","10","col_aya_10",NA,2020,"Middle East: Ethnic Groups","Izady, M.",NA,"https://gulf2000.columbia.edu/images/maps/Mid_East_Ethnic_lg.png"
"col_aya","16","col_aya_16",NA,2017,"Ethnic Ukrainians and Russians in the Caspian-Black Sea Basin","Izady, M.",NA,"https://gulf2000.columbia.edu/images/maps/Ukranians_Russians_lg.png"
"brl_aya","6","brl_aya_6",NA,1988,"Ethnic map of the Soviet Union","Main Directorate of Geodesy and Cartography, Ministry of Geology and Mineral Resources of the USSR","1:4,000,000","0"
"brl_aya","33","brl_aya_33",NA,1910,"Die Sprachgebiete der Schweiz unter besonderer Berücksichtigung der Hohenregionen, nach Walser","Deutsches Ausland-Institut | Isbert, O.A. | Strotha, M.K.v","1:300,000","0"
"rum_rob","15","rum_rob_15",NA,1902,"Völker u. Sprachenkarten. Europa. Konfessionskarten.","Wagner, Hermann","1:40,000,000","https://www.davidrumsey.com/luna/servlet/detail/RUMSEY~8~1~267855~90042353?qvq=w4s%3A%2Fwhat%2FEthnography%25253B%2BNationality%25253B%2BRace%3Bsort%3Apub_list_no_initialsort%2Cpub_date%2Cpub_list_no%2Cseries_no%3Blc%3ARUMSEY~8~1&mi=98&trs=113#"
"brl_aya","25","brl_aya_25",NA,1919,"The Question of Thrace. Greeks, Bulgars and Turks","Mills, J.S. | Chrussachi, M.G.","","0"
"bnf_rob","16","bnf_rob_16",NA,1885,"Die Polen in Deutschland: Nordöstliches Deutschland nebst Polen. Ethnographische Karte","Geographisches Institut Weimar","","https://gallica.bnf.fr/ark:/12148/btv1b84394002/f1.item.r=ethnographic"
"rum_rob","18","rum_rob_18",NA,1878,"Ethnographische Karte von Russland (Südliches Blatt)","Rittikh, Aleksandr Fedorovich","1:370,000","https://www.davidrumsey.com/luna/servlet/detail/RUMSEY~8~1~306215~90079058:Ethnographische-Karte-von-Russland-?sort=pub_list_no_initialsort%2Cpub_date%2Cpub_list_no%2Cseries_no&qvq=q:race;sort:pub_list_no_initialsort%2Cpub_date%2Cpub_list_no%2Cseries_no;lc:RUMSEY~8~1&mi=45&trs=224"
"brl_rob","9","brl_rob_9",NA,1918,"Germany. Ethnographical map | Poland. Ethnographical map | Northern Italy. Ethnographical map | South East Europe. Ethnographical map","Great Britain. General Staff. Geographical Section","1:5,000,000","0"
"uch_cam","12","uch_cam_12",NA,1878,"Vertheilung der Gross-, Weiss- & Klein-Russen","Petermann, August","1:370,000","http://luna.lib.uchicago.edu/luna/servlet/s/8lw00h"
"bnf_rob","4","bnf_rob_4",NA,1918,"Carte Ethnographique de l'Europe Centrale et des États Balkaniques.","Bolzé, R. | Chesneau, M.","1:3,500,000","https://gallica.bnf.fr/ark:/12148/btv1b53057421z.r=ethnographic?rk=193134;0"
"pcl_aya","3","pcl_aya_3",NA,1973,"Cyprus, Ethnic Distribution","U.S. Central Intelligence Agency","","http://legacy.lib.utexas.edu/maps/europe/cyprus_ethnic_1973.jpg "
"nau_rob","6","nau_rob_6",NA,1945,"Poland language map","United States. Office of Strategic Services. Research and Analysis Branch","","https://nla.gov.au/nla.obj-485466365/view"
"brl_rob","20","brl_rob_20",NA,1885,"Politisch-Ethnographische Übersichtskarte von Bulgarien, Ost-Rumelien","Geographisches Institut Weimar","1:3,000,000","0"
"brl_rob","16","brl_rob_16",NA,1877,"Ethnographische Karte der Europäischen Türkei","Carl Sax","","0"
"brl_aya","3","brl_aya_3",NA,1959,"Ethnic Map of the Soviet Union","Main Directorate of Geodesy and Cartography, Ministry of Geology and Mineral Resources of the USSR","1:5,000,000","0"
"loc_sim","4","loc_sim_4","loc",1918,"Ethnographic map of the Balkan Peninsula ","Cvijić, Jovan","1:3,000,000","https://www.loc.gov/resource/g6801e.ct001462/?r=0.048,0.437,0.531,0.319,0"
"loc_sim","1","loc_sim_1","loc",1924,"Vˆlker und Staaten in Mitteleuropa","Winkler, Wilhelm","1:4,000,000","https://www.loc.gov/resource/g6031e.ct003458/?r=0.107,0.173,0.673,0.457,0"
"sdl_aya","1","sdl_aya_1",NA,1986,"Map of Slovenian Dialects","Logar, Tine | Rigler, Jakob",NA,"http://www.dlib.si/details/URN:NBN:SI:IMG-VSVHWWS9/?query=%27source%3dzemljevidi%27&pageSize=25&language=slo&sortDir=DESC&sort=date"
"brl_aya","32","brl_aya_32",NA,1942,"Völkerkarte des Kaukasus. Aufgrund der vom Bataillon der Waffen-SS z. b. v. sichergestellten 'Ethnographischen Karte des Kaukasus.'","Kommission für das Studium der Völker der UdSSR und ihrer Nachbarländer | Reichsamt für Landesaufnahme.","1:1,000,000","0"
"enl_guy","1","enl_guy_1",NA,2014,"Ethnologue / World Language Mapping System. Language Maps. Version 17","SIL International",NA,"https://www.ethnologue.com/"
"bav_nic","1","bav_nic_1",NA,1986,"Ethnic Groups in Southern Soviet Union and Neighboring Middle Eastern Countries","U.S. Central Intelligence Agency",NA,"https://books.google.ch/books?id=OWeYFGgGGfEC&hl=de&pg=PP1#v=onepage&q&f=false"
"wik_aya","1","wik_aya_1",NA,1875,"Ethnic Map of European Russia ","Rittikh, Aleksandr Fedorovich","1:2,520,000","https://commons.wikimedia.org/wiki/File:Ethnic_Map_of_European_Russia_by_Aleksandr_Rittich-1875.jpg"
"rum_rob","11","rum_rob_11",NA,1880,"Europa um 1880","Berghaus, Heinrich","1:15,000,000","https://www.davidrumsey.com/luna/servlet/detail/RUMSEY~8~1~296929~90068310?qvq=w4s%3A%2Fwhat%2FEthnography%25253B%2BNationality%25253B%2BRace%3Bsort%3Apub_list_no_initialsort%2Cpub_date%2Cpub_list_no%2Cseries_no%3Blc%3ARUMSEY~8~1&mi=64&trs=113#"
"col_aya","17","col_aya_17",NA,2013,"Languages of North Africa","Izady, M.",NA,"https://gulf2000.columbia.edu/images/maps/North_Africa_Languages_lg.png"
"rum_rob","36","rum_rob_36",NA,1881,"Völkerkarte von Russland.","Andree, Richard","1:13,300,000","https://www.davidrumsey.com/luna/servlet/detail/RUMSEY~8~1~30800~1150738:Völkerkarte-von-Russland-?sort=pub_list_no_initialsort%2Cpub_date%2Cpub_list_no%2Cseries_no&qvq=q:country%3DRussia%20AND%20pub_date%3D1840...1910%20;sort:pub_list_no_initialsort%2Cpub_date%2Cpub_list_no%2Cseries_no;lc:RUMSEY~8~1&mi=173&trs=406#"
"brl_rob","48","brl_rob_48",NA,1916,"Ethnographische Übersichtskarte von Osteuropa","Freytag, G.","1:10,000,000","0"
"emr_rob","2","emr_rob_2",NA,1892,"Ethnographic map of Austria-Hungary and Romania","Kiepert, Heinrich von","1:3,000,000","https://pangea.blog.hu/2019/04/18/romania_reflected_in_ethnic_maps?fbclid=+IwAR36v3CrrOgzH1fLo0C3TiREYShxwiWA2sQxi9Lr4VvAeWNanYrnlKUfhfc"
"brl_aya","23","brl_aya_23",NA,1880,"Sprachen-Karte von Österreich-Ungarn","Franz Ritter v. Le Monnier","1:1,000,000","0"
"bnf_rob","41","bnf_rob_41",NA,1861,"Carte Ethnographique de la Turquie d'Europe et des États Vassaux Autonomes","Lejean, Guillaume Marie","1:2,500,000","https://gallica.bnf.fr/ark:/12148/btv1b53147323f.r=ethnografique?rk=622320;4"
"loc_sim","3","loc_sim_3","loc",1918,"Carte Ethnographique de la Péninsule des Balkans ","Cvijić, Jovan","1:3,000,000","https://www.loc.gov/resource/g6801e.ct002083/?r=-0.164,-0.071,1.223,0.801,0"
"pol_rob","11","pol_rob_11",NA,1910,"Sprach- und Schulkarte Mähren und Schlesien","Perko, Franz | Perko, Otto","1:375,000","https://polona.pl/item/sprach-und-schulkarte-mahren-und-schlesien,NDg4OTAzNzA/0/"
"uch_cam","13","uch_cam_13",NA,1878,"Etnograficheskaia Karta Kavkazskago Kraia ","Rittikh, Aleksandr Fedorovich","1:1,080,000","http://luna.lib.uchicago.edu/luna/servlet/s/39r9rp"
"pcl_aya","8","pcl_aya_8",NA,1995,"Ethnolinguistic Groups in the Caucasus Region","U.S. Central Intelligence Agency","1:6,750,000","http://legacy.lib.utexas.edu/maps/commonwealth/ethnocaucasus.jpg"
"bnf_rob","37","bnf_rob_37",NA,1870,"Specialkarte der deutsch-französischen Grenzländer mit Angabe der Sprachgrenze (neue berichtigte Ausgabe)","Kiepert, Heinrich von","1:666,666","https://gallica.bnf.fr/ark:/12148/btv1b102234134/f1.item.r=sprachen"
"uch_cam","9","uch_cam_9",NA,1876,"Die Neueste Eintheilung, die Türkischen Gebiete & die Confessionen in der Türkei","Petermann, August | Habenicht, Hermann ","1:2,500,000","http://luna.lib.uchicago.edu/luna/servlet/s/f0z18c"
"brl_rob","38","brl_rob_38",NA,1955,"Karta Narodov SSSR. Uchebia dlia Spednei Shkoly.","Unknown (Russian author)","1:5,000,000","0"
"yun_rob","8","yun_rob_8",NA,1870,"Europe Ethnographic","Unknown (Russian author)","1:10,500,000","https://brbl-dl.library.yale.edu/vufind/Record/4164840"
"eth_aya","21","eth_aya_21",NA,1978,"Völker und Sprachen Europas unter besonderer Berücksichtigung der Volksgruppen","Straka, Manfred","1:6,000,000","https://search.library.ethz.ch/primo-explore/fulldisplay?docid=ebi01_prod000434726&context=L&vid=DADS&lang=de_DE&search_scope=default_scope&adaptor=Local%20Search%20Engine&tab=default_tab&query=any,contains,straka%20sprachen&offset=0"
"cic_rob","3","cic_rob_3",NA,1933,"Carte ethnographique et linguistique de l'Europe nouvelle","Wehrli, Max","1:10,000,000","http://cartotecadigital.icc.cat/cdm/singleitem/collection/europa/id/2379/rec/2"
"brl_rob","10","brl_rob_10",NA,1918,"The Daily Telegraph. Language map of Eastern Europe","Gross, Alexander","1:2,200,000","0"
"brl_aya","30","brl_aya_30",NA,1912,"Das Bulgarentum auf der Balkanhalbinsel im Jahre 1912","Ishirkov, A.","1:1,500,000","0"
"rum_rob","30","rum_rob_30",NA,1896,"Deutsches Reich. Religionskarte. Völkerkarte","Diercke, Carl","","https://www.davidrumsey.com/luna/servlet/detail/RUMSEY~8~1~281260~90054056:Deutsches-Reich--Religionskarte--Vo?sort=pub_list_no_initialsort%2Cpub_date%2Cpub_list_no%2Cseries_no&qvq=q:country%3DGermany%20AND%20pub_date%3D1840...1910%20;sort:pub_list_no_initialsort%2Cpub_date%2Cpub_list_no%2Cseries_no;lc:RUMSEY~8~1&mi=31&trs=2208"
"brl_rob","56","brl_rob_56",NA,1940,"Rumänien. Volksgruppen","Generalstab des Heeres, Abteilung für Kriegskarten u. Vermessungswesen","1:1,000,000","0"
"loc_sim","6","loc_sim_6","loc",1910,"Map of Eastern Turkey in Asia, Syria and Western Persia (Ethnographical)","Royal Geographical Society","1:2,000,000","https://www.loc.gov/resource/g7431e.ct002182/?r=0.477,0.747,0.201,0.121,0"
"brl_rob","46","brl_rob_46",NA,1918,"G. Freytags Völker und Sprachenkarte von Mittleuropa nebst Italien und der Balkanhalbinsel","Freytag, G.","1:3,000,000","0"
"yun_rob","17","yun_rob_17",NA,1880,"Sprachen-Karte der westlichen Kronländer von Oesterreich","Held, F.","1:1,500,000","https://brbl-dl.library.yale.edu/vufind/Record/4167476"
"rum_rob","14","rum_rob_14",NA,1900,"Ethnographic map of the Balkan Peninsula.","Andree, Richard","1:6,000,000","https://www.davidrumsey.com/luna/servlet/detail/RUMSEY~8~1~253814~5519232?qvq=w4s%3A%2Fwhat%2FEthnography%25253B%2BNationality%25253B%2BRace%3Bsort%3Apub_list_no_initialsort%2Cpub_date%2Cpub_list_no%2Cseries_no%3Blc%3ARUMSEY~8~1&mi=92&trs=113#"
"brl_aya","10","brl_aya_10",NA,1972,"Map of People of the USSR","Main Directorate of Geodesy and Cartography, Ministry of Geology and Mineral Resources of the USSR","1:5,000,000","0"
"rum_rob","8","rum_rob_8",NA,1878,"Ethnographische Karte von Russland (Nördliches Blatt)","Rittikh, Aleksandr Fedorovich","1:370,000","https://www.davidrumsey.com/luna/servlet/detail/RUMSEY~8~1~306215~90079058?qvq=w4s%3A%2Fwhat%2FEthnography%25253B%2BNationality%25253B%2BRace%3Bsort%3Apub_list_no_initialsort%2Cpub_date%2Cpub_list_no%2Cseries_no%3Blc%3ARUMSEY~8~1&mi=14&trs=113#"
"brl_rob","21","brl_rob_21",NA,1919,"Carte Ethnographique des Régions Habitées par les Roumains et des Colonies Étrangeres Qui s'y Trouvent","Demetresco | Atanasiu | Borcea","1:1,000,000","0"
"emr_rob","6","emr_rob_6",NA,1909,"V<9a>lkerkarte des rum<8a>nischen Sprachgebietes","Weigand, Gustav","1:340,000","https://pangea.blog.hu/2019/04/18/romania_reflected_in_ethnic_maps?fbclid=+IwAR36v3CrrOgzH1fLo0C3TiREYShxwiWA2sQxi9Lr4VvAeWNanYrnlKUfhfc"
"rum_rob","5","rum_rob_5",NA,1918,"Völker- und Sprachenkarte Österreich-Ungarn","Mayer, Rudolf","1:2,730,000","https://davidrumsey.georeferencer.com/maps/875747863342/view"
"brl_aya","16","brl_aya_16",NA,1941,"Albanian Minority in Yugoslavia","Great Britain. Foreign Office. Research Department.","","0"
"brl_rob","32","brl_rob_32",NA,1867,"Völker und Sprachenkarte von Deutschland und den Nachbarländern","D. Reimer","1:3,000,000","0"
"brl_rob","19","brl_rob_19",NA,1920,"Carte Ethnographique de l'Albanie","Délegation de la Colonie Albaise de Turquie","1:1,000,000","0"
"eth_aya","1","eth_aya_1",NA,1992,"Herrien Europa. Europa de Los Pueblos. L'Europe de Peuple. Europe of the People ","Herreros Agüi, Sebastián | Durán Rodriguez, Adolfo ","1:6,000,000",""
